Mean(R),retail_and_recreation_percent_change_from_baseline_11,grocery_and_pharmacy_percent_change_from_baseline_11,parks_percent_change_from_baseline_11,transit_stations_percent_change_from_baseline_11,workplaces_percent_change_from_baseline_11,residential_percent_change_from_baseline_11,retail_and_recreation_percent_change_from_baseline_10,grocery_and_pharmacy_percent_change_from_baseline_10,parks_percent_change_from_baseline_10,transit_stations_percent_change_from_baseline_10,workplaces_percent_change_from_baseline_10,residential_percent_change_from_baseline_10,retail_and_recreation_percent_change_from_baseline_9,grocery_and_pharmacy_percent_change_from_baseline_9,parks_percent_change_from_baseline_9,transit_stations_percent_change_from_baseline_9,workplaces_percent_change_from_baseline_9,residential_percent_change_from_baseline_9,retail_and_recreation_percent_change_from_baseline_8,grocery_and_pharmacy_percent_change_from_baseline_8,parks_percent_change_from_baseline_8,transit_stations_percent_change_from_baseline_8,workplaces_percent_change_from_baseline_8,residential_percent_change_from_baseline_8,retail_and_recreation_percent_change_from_baseline_7,grocery_and_pharmacy_percent_change_from_baseline_7,parks_percent_change_from_baseline_7,transit_stations_percent_change_from_baseline_7,workplaces_percent_change_from_baseline_7,residential_percent_change_from_baseline_7,retail_and_recreation_percent_change_from_baseline_6,grocery_and_pharmacy_percent_change_from_baseline_6,parks_percent_change_from_baseline_6,transit_stations_percent_change_from_baseline_6,workplaces_percent_change_from_baseline_6,residential_percent_change_from_baseline_6,retail_and_recreation_percent_change_from_baseline_5,grocery_and_pharmacy_percent_change_from_baseline_5,parks_percent_change_from_baseline_5,transit_stations_percent_change_from_baseline_5,workplaces_percent_change_from_baseline_5,residential_percent_change_from_baseline_5,retail_and_recreation_percent_change_from_baseline_4,grocery_and_pharmacy_percent_change_from_baseline_4,parks_percent_change_from_baseline_4,transit_stations_percent_change_from_baseline_4,workplaces_percent_change_from_baseline_4,residential_percent_change_from_baseline_4,retail_and_recreation_percent_change_from_baseline_3,grocery_and_pharmacy_percent_change_from_baseline_3,parks_percent_change_from_baseline_3,transit_stations_percent_change_from_baseline_3,workplaces_percent_change_from_baseline_3,residential_percent_change_from_baseline_3,retail_and_recreation_percent_change_from_baseline_2,grocery_and_pharmacy_percent_change_from_baseline_2,parks_percent_change_from_baseline_2,transit_stations_percent_change_from_baseline_2,workplaces_percent_change_from_baseline_2,residential_percent_change_from_baseline_2,retail_and_recreation_percent_change_from_baseline_1,grocery_and_pharmacy_percent_change_from_baseline_1,parks_percent_change_from_baseline_1,transit_stations_percent_change_from_baseline_1,workplaces_percent_change_from_baseline_1,residential_percent_change_from_baseline_1
1.563619952,5,0,15,1,0,0,6,1,25,0,1,-1,5,-2,9,-1,-19,5,0,-1,6,3,2,0,3,0,14,3,2,0,2,0,2,2,2,0,2,-2,19,6,3,0,9,4,68,8,3,-2,7,3,77,6,3,-1,2,-1,0,2,3,1,4,0,2,4,2,0
1.680110599,6,1,25,0,1,-1,5,-2,9,-1,-19,5,0,-1,6,3,2,0,3,0,14,3,2,0,2,0,2,2,2,0,2,-2,19,6,3,0,9,4,68,8,3,-2,7,3,77,6,3,-1,2,-1,0,2,3,1,4,0,2,4,2,0,6,2,-3,3,1,0
1.838417258,5,-2,9,-1,-19,5,0,-1,6,3,2,0,3,0,14,3,2,0,2,0,2,2,2,0,2,-2,19,6,3,0,9,4,68,8,3,-2,7,3,77,6,3,-1,2,-1,0,2,3,1,4,0,2,4,2,0,6,2,-3,3,1,0,2,0,-6,2,-3,2
1.821974991,0,-1,6,3,2,0,3,0,14,3,2,0,2,0,2,2,2,0,2,-2,19,6,3,0,9,4,68,8,3,-2,7,3,77,6,3,-1,2,-1,0,2,3,1,4,0,2,4,2,0,6,2,-3,3,1,0,2,0,-6,2,-3,2,4,1,7,7,1,0
1.662026758,3,0,14,3,2,0,2,0,2,2,2,0,2,-2,19,6,3,0,9,4,68,8,3,-2,7,3,77,6,3,-1,2,-1,0,2,3,1,4,0,2,4,2,0,6,2,-3,3,1,0,2,0,-6,2,-3,2,4,1,7,7,1,0,11,5,13,7,2,-2
1.652192253,2,0,2,2,2,0,2,-2,19,6,3,0,9,4,68,8,3,-2,7,3,77,6,3,-1,2,-1,0,2,3,1,4,0,2,4,2,0,6,2,-3,3,1,0,2,0,-6,2,-3,2,4,1,7,7,1,0,11,5,13,7,2,-2,17,10,68,11,4,-2
1.688371144,2,-2,19,6,3,0,9,4,68,8,3,-2,7,3,77,6,3,-1,2,-1,0,2,3,1,4,0,2,4,2,0,6,2,-3,3,1,0,2,0,-6,2,-3,2,4,1,7,7,1,0,11,5,13,7,2,-2,17,10,68,11,4,-2,7,3,-7,2,2,0
1.724709337,9,4,68,8,3,-2,7,3,77,6,3,-1,2,-1,0,2,3,1,4,0,2,4,2,0,6,2,-3,3,1,0,2,0,-6,2,-3,2,4,1,7,7,1,0,11,5,13,7,2,-2,17,10,68,11,4,-2,7,3,-7,2,2,0,12,8,23,7,2,-1
1.758951888,7,3,77,6,3,-1,2,-1,0,2,3,1,4,0,2,4,2,0,6,2,-3,3,1,0,2,0,-6,2,-3,2,4,1,7,7,1,0,11,5,13,7,2,-2,17,10,68,11,4,-2,7,3,-7,2,2,0,12,8,23,7,2,-1,12,7,29,7,2,-1
1.824393408,2,-1,0,2,3,1,4,0,2,4,2,0,6,2,-3,3,1,0,2,0,-6,2,-3,2,4,1,7,7,1,0,11,5,13,7,2,-2,17,10,68,11,4,-2,7,3,-7,2,2,0,12,8,23,7,2,-1,12,7,29,7,2,-1,11,8,51,8,2,-1
1.883606254,4,0,2,4,2,0,6,2,-3,3,1,0,2,0,-6,2,-3,2,4,1,7,7,1,0,11,5,13,7,2,-2,17,10,68,11,4,-2,7,3,-7,2,2,0,12,8,23,7,2,-1,12,7,29,7,2,-1,11,8,51,8,2,-1,2,-3,9,5,2,0
1.921921223,6,2,-3,3,1,0,2,0,-6,2,-3,2,4,1,7,7,1,0,11,5,13,7,2,-2,17,10,68,11,4,-2,7,3,-7,2,2,0,12,8,23,7,2,-1,12,7,29,7,2,-1,11,8,51,8,2,-1,2,-3,9,5,2,0,13,7,68,13,4,-2
1.948213958,2,0,-6,2,-3,2,4,1,7,7,1,0,11,5,13,7,2,-2,17,10,68,11,4,-2,7,3,-7,2,2,0,12,8,23,7,2,-1,12,7,29,7,2,-1,11,8,51,8,2,-1,2,-3,9,5,2,0,13,7,68,13,4,-2,15,9,187,14,2,-2
1.97492934,4,1,7,7,1,0,11,5,13,7,2,-2,17,10,68,11,4,-2,7,3,-7,2,2,0,12,8,23,7,2,-1,12,7,29,7,2,-1,11,8,51,8,2,-1,2,-3,9,5,2,0,13,7,68,13,4,-2,15,9,187,14,2,-2,9,7,78,7,1,0
1.985405248,11,5,13,7,2,-2,17,10,68,11,4,-2,7,3,-7,2,2,0,12,8,23,7,2,-1,12,7,29,7,2,-1,11,8,51,8,2,-1,2,-3,9,5,2,0,13,7,68,13,4,-2,15,9,187,14,2,-2,9,7,78,7,1,0,5,6,13,2,0,0
1.994157725,17,10,68,11,4,-2,7,3,-7,2,2,0,12,8,23,7,2,-1,12,7,29,7,2,-1,11,8,51,8,2,-1,2,-3,9,5,2,0,13,7,68,13,4,-2,15,9,187,14,2,-2,9,7,78,7,1,0,5,6,13,2,0,0,8,11,25,4,0,0
2.01489897,7,3,-7,2,2,0,12,8,23,7,2,-1,12,7,29,7,2,-1,11,8,51,8,2,-1,2,-3,9,5,2,0,13,7,68,13,4,-2,15,9,187,14,2,-2,9,7,78,7,1,0,5,6,13,2,0,0,8,11,25,4,0,0,9,32,50,2,-1,0
1.96905492,12,8,23,7,2,-1,12,7,29,7,2,-1,11,8,51,8,2,-1,2,-3,9,5,2,0,13,7,68,13,4,-2,15,9,187,14,2,-2,9,7,78,7,1,0,5,6,13,2,0,0,8,11,25,4,0,0,9,32,50,2,-1,0,-1,21,46,1,-4,2
1.875943443,12,7,29,7,2,-1,11,8,51,8,2,-1,2,-3,9,5,2,0,13,7,68,13,4,-2,15,9,187,14,2,-2,9,7,78,7,1,0,5,6,13,2,0,0,8,11,25,4,0,0,9,32,50,2,-1,0,-1,21,46,1,-4,2,-12,11,9,-4,-3,4
1.749997724,11,8,51,8,2,-1,2,-3,9,5,2,0,13,7,68,13,4,-2,15,9,187,14,2,-2,9,7,78,7,1,0,5,6,13,2,0,0,8,11,25,4,0,0,9,32,50,2,-1,0,-1,21,46,1,-4,2,-12,11,9,-4,-3,4,-9,17,46,-6,-7,3
1.642572246,2,-3,9,5,2,0,13,7,68,13,4,-2,15,9,187,14,2,-2,9,7,78,7,1,0,5,6,13,2,0,0,8,11,25,4,0,0,9,32,50,2,-1,0,-1,21,46,1,-4,2,-12,11,9,-4,-3,4,-9,17,46,-6,-7,3,-16,26,16,-9,-18,7
1.565766325,13,7,68,13,4,-2,15,9,187,14,2,-2,9,7,78,7,1,0,5,6,13,2,0,0,8,11,25,4,0,0,9,32,50,2,-1,0,-1,21,46,1,-4,2,-12,11,9,-4,-3,4,-9,17,46,-6,-7,3,-16,26,16,-9,-18,7,-25,11,27,-10,-25,10
1.505791493,15,9,187,14,2,-2,9,7,78,7,1,0,5,6,13,2,0,0,8,11,25,4,0,0,9,32,50,2,-1,0,-1,21,46,1,-4,2,-12,11,9,-4,-3,4,-9,17,46,-6,-7,3,-16,26,16,-9,-18,7,-25,11,27,-10,-25,10,-29,5,2,-15,-28,12
1.439857915,9,7,78,7,1,0,5,6,13,2,0,0,8,11,25,4,0,0,9,32,50,2,-1,0,-1,21,46,1,-4,2,-12,11,9,-4,-3,4,-9,17,46,-6,-7,3,-16,26,16,-9,-18,7,-25,11,27,-10,-25,10,-29,5,2,-15,-28,12,-32,8,14,-19,-31,14
1.393954398,5,6,13,2,0,0,8,11,25,4,0,0,9,32,50,2,-1,0,-1,21,46,1,-4,2,-12,11,9,-4,-3,4,-9,17,46,-6,-7,3,-16,26,16,-9,-18,7,-25,11,27,-10,-25,10,-29,5,2,-15,-28,12,-32,8,14,-19,-31,14,-35,0,47,-19,-34,16
1.346597491,8,11,25,4,0,0,9,32,50,2,-1,0,-1,21,46,1,-4,2,-12,11,9,-4,-3,4,-9,17,46,-6,-7,3,-16,26,16,-9,-18,7,-25,11,27,-10,-25,10,-29,5,2,-15,-28,12,-32,8,14,-19,-31,14,-35,0,47,-19,-34,16,-44,-7,4,-22,-25,11
1.297754929,9,32,50,2,-1,0,-1,21,46,1,-4,2,-12,11,9,-4,-3,4,-9,17,46,-6,-7,3,-16,26,16,-9,-18,7,-25,11,27,-10,-25,10,-29,5,2,-15,-28,12,-32,8,14,-19,-31,14,-35,0,47,-19,-34,16,-44,-7,4,-22,-25,11,-38,0,62,-26,-28,8
1.257620116,-1,21,46,1,-4,2,-12,11,9,-4,-3,4,-9,17,46,-6,-7,3,-16,26,16,-9,-18,7,-25,11,27,-10,-25,10,-29,5,2,-15,-28,12,-32,8,14,-19,-31,14,-35,0,47,-19,-34,16,-44,-7,4,-22,-25,11,-38,0,62,-26,-28,8,-33,-1,-2,-26,-39,16
1.212221709,-12,11,9,-4,-3,4,-9,17,46,-6,-7,3,-16,26,16,-9,-18,7,-25,11,27,-10,-25,10,-29,5,2,-15,-28,12,-32,8,14,-19,-31,14,-35,0,47,-19,-34,16,-44,-7,4,-22,-25,11,-38,0,62,-26,-28,8,-33,-1,-2,-26,-39,16,-51,-26,11,-31,-47,20
1.176576924,-9,17,46,-6,-7,3,-16,26,16,-9,-18,7,-25,11,27,-10,-25,10,-29,5,2,-15,-28,12,-32,8,14,-19,-31,14,-35,0,47,-19,-34,16,-44,-7,4,-22,-25,11,-38,0,62,-26,-28,8,-33,-1,-2,-26,-39,16,-51,-26,11,-31,-47,20,-43,-18,101,-27,-48,19
1.145100079,-16,26,16,-9,-18,7,-25,11,27,-10,-25,10,-29,5,2,-15,-28,12,-32,8,14,-19,-31,14,-35,0,47,-19,-34,16,-44,-7,4,-22,-25,11,-38,0,62,-26,-28,8,-33,-1,-2,-26,-39,16,-51,-26,11,-31,-47,20,-43,-18,101,-27,-48,19,-42,-15,103,-29,-48,20
1.126175915,-25,11,27,-10,-25,10,-29,5,2,-15,-28,12,-32,8,14,-19,-31,14,-35,0,47,-19,-34,16,-44,-7,4,-22,-25,11,-38,0,62,-26,-28,8,-33,-1,-2,-26,-39,16,-51,-26,11,-31,-47,20,-43,-18,101,-27,-48,19,-42,-15,103,-29,-48,20,-46,-20,26,-33,-48,22
1.11472703,-29,5,2,-15,-28,12,-32,8,14,-19,-31,14,-35,0,47,-19,-34,16,-44,-7,4,-22,-25,11,-38,0,62,-26,-28,8,-33,-1,-2,-26,-39,16,-51,-26,11,-31,-47,20,-43,-18,101,-27,-48,19,-42,-15,103,-29,-48,20,-46,-20,26,-33,-48,22,-50,-21,29,-34,-35,14
1.103884285,-32,8,14,-19,-31,14,-35,0,47,-19,-34,16,-44,-7,4,-22,-25,11,-38,0,62,-26,-28,8,-33,-1,-2,-26,-39,16,-51,-26,11,-31,-47,20,-43,-18,101,-27,-48,19,-42,-15,103,-29,-48,20,-46,-20,26,-33,-48,22,-50,-21,29,-34,-35,14,-43,-19,117,-33,-35,10
1.095719372,-35,0,47,-19,-34,16,-44,-7,4,-22,-25,11,-38,0,62,-26,-28,8,-33,-1,-2,-26,-39,16,-51,-26,11,-31,-47,20,-43,-18,101,-27,-48,19,-42,-15,103,-29,-48,20,-46,-20,26,-33,-48,22,-50,-21,29,-34,-35,14,-43,-19,117,-33,-35,10,-41,-18,4,-32,-48,19
1.084709751,-44,-7,4,-22,-25,11,-38,0,62,-26,-28,8,-33,-1,-2,-26,-39,16,-51,-26,11,-31,-47,20,-43,-18,101,-27,-48,19,-42,-15,103,-29,-48,20,-46,-20,26,-33,-48,22,-50,-21,29,-34,-35,14,-43,-19,117,-33,-35,10,-41,-18,4,-32,-48,19,-41,-16,7,-28,-49,20
1.075183531,-38,0,62,-26,-28,8,-33,-1,-2,-26,-39,16,-51,-26,11,-31,-47,20,-43,-18,101,-27,-48,19,-42,-15,103,-29,-48,20,-46,-20,26,-33,-48,22,-50,-21,29,-34,-35,14,-43,-19,117,-33,-35,10,-41,-18,4,-32,-48,19,-41,-16,7,-28,-49,20,-37,-9,25,-27,-49,20
1.071771213,-33,-1,-2,-26,-39,16,-51,-26,11,-31,-47,20,-43,-18,101,-27,-48,19,-42,-15,103,-29,-48,20,-46,-20,26,-33,-48,22,-50,-21,29,-34,-35,14,-43,-19,117,-33,-35,10,-41,-18,4,-32,-48,19,-41,-16,7,-28,-49,20,-37,-9,25,-27,-49,20,-37,-7,87,-28,-49,20
1.07277469,-51,-26,11,-31,-47,20,-43,-18,101,-27,-48,19,-42,-15,103,-29,-48,20,-46,-20,26,-33,-48,22,-50,-21,29,-34,-35,14,-43,-19,117,-33,-35,10,-41,-18,4,-32,-48,19,-41,-16,7,-28,-49,20,-37,-9,25,-27,-49,20,-37,-7,87,-28,-49,20,-38,-8,108,-28,-48,20
1.07755487,-43,-18,101,-27,-48,19,-42,-15,103,-29,-48,20,-46,-20,26,-33,-48,22,-50,-21,29,-34,-35,14,-43,-19,117,-33,-35,10,-41,-18,4,-32,-48,19,-41,-16,7,-28,-49,20,-37,-9,25,-27,-49,20,-37,-7,87,-28,-49,20,-38,-8,108,-28,-48,20,-43,-9,138,-26,-35,12
1.090344612,-42,-15,103,-29,-48,20,-46,-20,26,-33,-48,22,-50,-21,29,-34,-35,14,-43,-19,117,-33,-35,10,-41,-18,4,-32,-48,19,-41,-16,7,-28,-49,20,-37,-9,25,-27,-49,20,-37,-7,87,-28,-49,20,-38,-8,108,-28,-48,20,-43,-9,138,-26,-35,12,-46,-18,37,-39,-37,11
1.110020047,-46,-20,26,-33,-48,22,-50,-21,29,-34,-35,14,-43,-19,117,-33,-35,10,-41,-18,4,-32,-48,19,-41,-16,7,-28,-49,20,-37,-9,25,-27,-49,20,-37,-7,87,-28,-49,20,-38,-8,108,-28,-48,20,-43,-9,138,-26,-35,12,-46,-18,37,-39,-37,11,-37,-11,81,-28,-48,18
1.138799531,-50,-21,29,-34,-35,14,-43,-19,117,-33,-35,10,-41,-18,4,-32,-48,19,-41,-16,7,-28,-49,20,-37,-9,25,-27,-49,20,-37,-7,87,-28,-49,20,-38,-8,108,-28,-48,20,-43,-9,138,-26,-35,12,-46,-18,37,-39,-37,11,-37,-11,81,-28,-48,18,-41,-14,68,-28,-50,19
1.177046328,-43,-19,117,-33,-35,10,-41,-18,4,-32,-48,19,-41,-16,7,-28,-49,20,-37,-9,25,-27,-49,20,-37,-7,87,-28,-49,20,-38,-8,108,-28,-48,20,-43,-9,138,-26,-35,12,-46,-18,37,-39,-37,11,-37,-11,81,-28,-48,18,-41,-14,68,-28,-50,19,-36,-9,106,-26,-50,18
1.227777111,-41,-18,4,-32,-48,19,-41,-16,7,-28,-49,20,-37,-9,25,-27,-49,20,-37,-7,87,-28,-49,20,-38,-8,108,-28,-48,20,-43,-9,138,-26,-35,12,-46,-18,37,-39,-37,11,-37,-11,81,-28,-48,18,-41,-14,68,-28,-50,19,-36,-9,106,-26,-50,18,-39,-9,11,-33,-51,21
1.292485075,-41,-16,7,-28,-49,20,-37,-9,25,-27,-49,20,-37,-7,87,-28,-49,20,-38,-8,108,-28,-48,20,-43,-9,138,-26,-35,12,-46,-18,37,-39,-37,11,-37,-11,81,-28,-48,18,-41,-14,68,-28,-50,19,-36,-9,106,-26,-50,18,-39,-9,11,-33,-51,21,-41,-10,14,-36,-56,24
1.370701426,-37,-9,25,-27,-49,20,-37,-7,87,-28,-49,20,-38,-8,108,-28,-48,20,-43,-9,138,-26,-35,12,-46,-18,37,-39,-37,11,-37,-11,81,-28,-48,18,-41,-14,68,-28,-50,19,-36,-9,106,-26,-50,18,-39,-9,11,-33,-51,21,-41,-10,14,-36,-56,24,-41,-2,82,-28,-37,12
1.468788131,-37,-7,87,-28,-49,20,-38,-8,108,-28,-48,20,-43,-9,138,-26,-35,12,-46,-18,37,-39,-37,11,-37,-11,81,-28,-48,18,-41,-14,68,-28,-50,19,-36,-9,106,-26,-50,18,-39,-9,11,-33,-51,21,-41,-10,14,-36,-56,24,-41,-2,82,-28,-37,12,-65,-43,40,-42,-44,11
1.54308445,-38,-8,108,-28,-48,20,-43,-9,138,-26,-35,12,-46,-18,37,-39,-37,11,-37,-11,81,-28,-48,18,-41,-14,68,-28,-50,19,-36,-9,106,-26,-50,18,-39,-9,11,-33,-51,21,-41,-10,14,-36,-56,24,-41,-2,82,-28,-37,12,-65,-43,40,-42,-44,11,-43,-20,-18,-37,-49,21
1.545370211,-43,-9,138,-26,-35,12,-46,-18,37,-39,-37,11,-37,-11,81,-28,-48,18,-41,-14,68,-28,-50,19,-36,-9,106,-26,-50,18,-39,-9,11,-33,-51,21,-41,-10,14,-36,-56,24,-41,-2,82,-28,-37,12,-65,-43,40,-42,-44,11,-43,-20,-18,-37,-49,21,-38,-14,24,-29,-48,19
1.301162704,-46,-18,37,-39,-37,11,-37,-11,81,-28,-48,18,-41,-14,68,-28,-50,19,-36,-9,106,-26,-50,18,-39,-9,11,-33,-51,21,-41,-10,14,-36,-56,24,-41,-2,82,-28,-37,12,-65,-43,40,-42,-44,11,-43,-20,-18,-37,-49,21,-38,-14,24,-29,-48,19,-31,-10,8,-29,-48,19
1.167320231,-37,-11,81,-28,-48,18,-41,-14,68,-28,-50,19,-36,-9,106,-26,-50,18,-39,-9,11,-33,-51,21,-41,-10,14,-36,-56,24,-41,-2,82,-28,-37,12,-65,-43,40,-42,-44,11,-43,-20,-18,-37,-49,21,-38,-14,24,-29,-48,19,-31,-10,8,-29,-48,19,-33,-8,26,-31,-48,20
1.137711411,-41,-14,68,-28,-50,19,-36,-9,106,-26,-50,18,-39,-9,11,-33,-51,21,-41,-10,14,-36,-56,24,-41,-2,82,-28,-37,12,-65,-43,40,-42,-44,11,-43,-20,-18,-37,-49,21,-38,-14,24,-29,-48,19,-31,-10,8,-29,-48,19,-33,-8,26,-31,-48,20,-43,-20,-17,-38,-48,23
1.115594346,-36,-9,106,-26,-50,18,-39,-9,11,-33,-51,21,-41,-10,14,-36,-56,24,-41,-2,82,-28,-37,12,-65,-43,40,-42,-44,11,-43,-20,-18,-37,-49,21,-38,-14,24,-29,-48,19,-31,-10,8,-29,-48,19,-33,-8,26,-31,-48,20,-43,-20,-17,-38,-48,23,-38,-10,79,-26,-32,12
1.086014377,-39,-9,11,-33,-51,21,-41,-10,14,-36,-56,24,-41,-2,82,-28,-37,12,-65,-43,40,-42,-44,11,-43,-20,-18,-37,-49,21,-38,-14,24,-29,-48,19,-31,-10,8,-29,-48,19,-33,-8,26,-31,-48,20,-43,-20,-17,-38,-48,23,-38,-10,79,-26,-32,12,-38,-16,90,-35,-34,9
1.055622145,-41,-10,14,-36,-56,24,-41,-2,82,-28,-37,12,-65,-43,40,-42,-44,11,-43,-20,-18,-37,-49,21,-38,-14,24,-29,-48,19,-31,-10,8,-29,-48,19,-33,-8,26,-31,-48,20,-43,-20,-17,-38,-48,23,-38,-10,79,-26,-32,12,-38,-16,90,-35,-34,9,-30,-11,93,-27,-46,17
1.022215816,-41,-2,82,-28,-37,12,-65,-43,40,-42,-44,11,-43,-20,-18,-37,-49,21,-38,-14,24,-29,-48,19,-31,-10,8,-29,-48,19,-33,-8,26,-31,-48,20,-43,-20,-17,-38,-48,23,-38,-10,79,-26,-32,12,-38,-16,90,-35,-34,9,-30,-11,93,-27,-46,17,-33,-12,30,-28,-47,18
0.989143653,-65,-43,40,-42,-44,11,-43,-20,-18,-37,-49,21,-38,-14,24,-29,-48,19,-31,-10,8,-29,-48,19,-33,-8,26,-31,-48,20,-43,-20,-17,-38,-48,23,-38,-10,79,-26,-32,12,-38,-16,90,-35,-34,9,-30,-11,93,-27,-46,17,-33,-12,30,-28,-47,18,-32,-11,59,-27,-47,18
0.951784424,-43,-20,-18,-37,-49,21,-38,-14,24,-29,-48,19,-31,-10,8,-29,-48,19,-33,-8,26,-31,-48,20,-43,-20,-17,-38,-48,23,-38,-10,79,-26,-32,12,-38,-16,90,-35,-34,9,-30,-11,93,-27,-46,17,-33,-12,30,-28,-47,18,-32,-11,59,-27,-47,18,-35,-11,13,-32,-47,20
0.904676594,-38,-14,24,-29,-48,19,-31,-10,8,-29,-48,19,-33,-8,26,-31,-48,20,-43,-20,-17,-38,-48,23,-38,-10,79,-26,-32,12,-38,-16,90,-35,-34,9,-30,-11,93,-27,-46,17,-33,-12,30,-28,-47,18,-32,-11,59,-27,-47,18,-35,-11,13,-32,-47,20,-34,-12,108,-26,-46,19
0.855087227,-31,-10,8,-29,-48,19,-33,-8,26,-31,-48,20,-43,-20,-17,-38,-48,23,-38,-10,79,-26,-32,12,-38,-16,90,-35,-34,9,-30,-11,93,-27,-46,17,-33,-12,30,-28,-47,18,-32,-11,59,-27,-47,18,-35,-11,13,-32,-47,20,-34,-12,108,-26,-46,19,-34,-9,136,-22,-31,10
0.844382023,-33,-8,26,-31,-48,20,-43,-20,-17,-38,-48,23,-38,-10,79,-26,-32,12,-38,-16,90,-35,-34,9,-30,-11,93,-27,-46,17,-33,-12,30,-28,-47,18,-32,-11,59,-27,-47,18,-35,-11,13,-32,-47,20,-34,-12,108,-26,-46,19,-34,-9,136,-22,-31,10,-40,-17,-13,-39,-35,10
0.886754475,-43,-20,-17,-38,-48,23,-38,-10,79,-26,-32,12,-38,-16,90,-35,-34,9,-30,-11,93,-27,-46,17,-33,-12,30,-28,-47,18,-32,-11,59,-27,-47,18,-35,-11,13,-32,-47,20,-34,-12,108,-26,-46,19,-34,-9,136,-22,-31,10,-40,-17,-13,-39,-35,10,-25,-6,106,-23,-44,16
0.954745116,-38,-10,79,-26,-32,12,-38,-16,90,-35,-34,9,-30,-11,93,-27,-46,17,-33,-12,30,-28,-47,18,-32,-11,59,-27,-47,18,-35,-11,13,-32,-47,20,-34,-12,108,-26,-46,19,-34,-9,136,-22,-31,10,-40,-17,-13,-39,-35,10,-25,-6,106,-23,-44,16,-26,-6,100,-21,-46,11
0.969333639,-38,-16,90,-35,-34,9,-30,-11,93,-27,-46,17,-33,-12,30,-28,-47,18,-32,-11,59,-27,-47,18,-35,-11,13,-32,-47,20,-34,-12,108,-26,-46,19,-34,-9,136,-22,-31,10,-40,-17,-13,-39,-35,10,-25,-6,106,-23,-44,16,-26,-6,100,-21,-46,11,-28,-8,22,-26,-46,18
0.976954981,-30,-11,93,-27,-46,17,-33,-12,30,-28,-47,18,-32,-11,59,-27,-47,18,-35,-11,13,-32,-47,20,-34,-12,108,-26,-46,19,-34,-9,136,-22,-31,10,-40,-17,-13,-39,-35,10,-25,-6,106,-23,-44,16,-26,-6,100,-21,-46,11,-28,-8,22,-26,-46,18,-29,-5,10,-28,-46,19
0.990892289,-33,-12,30,-28,-47,18,-32,-11,59,-27,-47,18,-35,-11,13,-32,-47,20,-34,-12,108,-26,-46,19,-34,-9,136,-22,-31,10,-40,-17,-13,-39,-35,10,-25,-6,106,-23,-44,16,-26,-6,100,-21,-46,11,-28,-8,22,-26,-46,18,-29,-5,10,-28,-46,19,-28,-3,95,-21,-44,17
1.00102262,-32,-11,59,-27,-47,18,-35,-11,13,-32,-47,20,-34,-12,108,-26,-46,19,-34,-9,136,-22,-31,10,-40,-17,-13,-39,-35,10,-25,-6,106,-23,-44,16,-26,-6,100,-21,-46,11,-28,-8,22,-26,-46,18,-29,-5,10,-28,-46,19,-28,-3,95,-21,-44,17,-28,1,222,-9,-28,7
1.003184863,-35,-11,13,-32,-47,20,-34,-12,108,-26,-46,19,-34,-9,136,-22,-31,10,-40,-17,-13,-39,-35,10,-25,-6,106,-23,-44,16,-26,-6,100,-21,-46,11,-28,-8,22,-26,-46,18,-29,-5,10,-28,-46,19,-28,-3,95,-21,-44,17,-28,1,222,-9,-28,7,-26,-4,150,-24,-29,6
0.99554139,-34,-12,108,-26,-46,19,-34,-9,136,-22,-31,10,-40,-17,-13,-39,-35,10,-25,-6,106,-23,-44,16,-26,-6,100,-21,-46,11,-28,-8,22,-26,-46,18,-29,-5,10,-28,-46,19,-28,-3,95,-21,-44,17,-28,1,222,-9,-28,7,-26,-4,150,-24,-29,6,-20,-2,80,-20,-42,14
0.982517376,-34,-9,136,-22,-31,10,-40,-17,-13,-39,-35,10,-25,-6,106,-23,-44,16,-26,-6,100,-21,-46,11,-28,-8,22,-26,-46,18,-29,-5,10,-28,-46,19,-28,-3,95,-21,-44,17,-28,1,222,-9,-28,7,-26,-4,150,-24,-29,6,-20,-2,80,-20,-42,14,-24,-1,31,-22,-43,16
0.966923931,-40,-17,-13,-39,-35,10,-25,-6,106,-23,-44,16,-26,-6,100,-21,-46,11,-28,-8,22,-26,-46,18,-29,-5,10,-28,-46,19,-28,-3,95,-21,-44,17,-28,1,222,-9,-28,7,-26,-4,150,-24,-29,6,-20,-2,80,-20,-42,14,-24,-1,31,-22,-43,16,-23,0,82,-18,-43,16
0.958434558,-25,-6,106,-23,-44,16,-26,-6,100,-21,-46,11,-28,-8,22,-26,-46,18,-29,-5,10,-28,-46,19,-28,-3,95,-21,-44,17,-28,1,222,-9,-28,7,-26,-4,150,-24,-29,6,-20,-2,80,-20,-42,14,-24,-1,31,-22,-43,16,-23,0,82,-18,-43,16,-24,1,113,-19,-42,16
0.953801388,-26,-6,100,-21,-46,11,-28,-8,22,-26,-46,18,-29,-5,10,-28,-46,19,-28,-3,95,-21,-44,17,-28,1,222,-9,-28,7,-26,-4,150,-24,-29,6,-20,-2,80,-20,-42,14,-24,-1,31,-22,-43,16,-23,0,82,-18,-43,16,-24,1,113,-19,-42,16,-32,-5,26,-25,-42,19
0.958787861,-28,-8,22,-26,-46,18,-29,-5,10,-28,-46,19,-28,-3,95,-21,-44,17,-28,1,222,-9,-28,7,-26,-4,150,-24,-29,6,-20,-2,80,-20,-42,14,-24,-1,31,-22,-43,16,-23,0,82,-18,-43,16,-24,1,113,-19,-42,16,-32,-5,26,-25,-42,19,-29,10,69,-17,-26,9
0.971615302,-29,-5,10,-28,-46,19,-28,-3,95,-21,-44,17,-28,1,222,-9,-28,7,-26,-4,150,-24,-29,6,-20,-2,80,-20,-42,14,-24,-1,31,-22,-43,16,-23,0,82,-18,-43,16,-24,1,113,-19,-42,16,-32,-5,26,-25,-42,19,-29,10,69,-17,-26,9,-27,1,58,-23,-25,5
0.979668043,-28,-3,95,-21,-44,17,-28,1,222,-9,-28,7,-26,-4,150,-24,-29,6,-20,-2,80,-20,-42,14,-24,-1,31,-22,-43,16,-23,0,82,-18,-43,16,-24,1,113,-19,-42,16,-32,-5,26,-25,-42,19,-29,10,69,-17,-26,9,-27,1,58,-23,-25,5,-30,-10,2,-25,-40,16
0.982242839,-28,1,222,-9,-28,7,-26,-4,150,-24,-29,6,-20,-2,80,-20,-42,14,-24,-1,31,-22,-43,16,-23,0,82,-18,-43,16,-24,1,113,-19,-42,16,-32,-5,26,-25,-42,19,-29,10,69,-17,-26,9,-27,1,58,-23,-25,5,-30,-10,2,-25,-40,16,-21,-1,90,-16,-39,14
0.976942624,-26,-4,150,-24,-29,6,-20,-2,80,-20,-42,14,-24,-1,31,-22,-43,16,-23,0,82,-18,-43,16,-24,1,113,-19,-42,16,-32,-5,26,-25,-42,19,-29,10,69,-17,-26,9,-27,1,58,-23,-25,5,-30,-10,2,-25,-40,16,-21,-1,90,-16,-39,14,-18,0,130,-14,-40,14
0.97506687,-20,-2,80,-20,-42,14,-24,-1,31,-22,-43,16,-23,0,82,-18,-43,16,-24,1,113,-19,-42,16,-32,-5,26,-25,-42,19,-29,10,69,-17,-26,9,-27,1,58,-23,-25,5,-30,-10,2,-25,-40,16,-21,-1,90,-16,-39,14,-18,0,130,-14,-40,14,-24,-2,54,-21,-40,16
0.978417641,-24,-1,31,-22,-43,16,-23,0,82,-18,-43,16,-24,1,113,-19,-42,16,-32,-5,26,-25,-42,19,-29,10,69,-17,-26,9,-27,1,58,-23,-25,5,-30,-10,2,-25,-40,16,-21,-1,90,-16,-39,14,-18,0,130,-14,-40,14,-24,-2,54,-21,-40,16,-25,-6,65,-20,-39,16
0.984115078,-23,0,82,-18,-43,16,-24,1,113,-19,-42,16,-32,-5,26,-25,-42,19,-29,10,69,-17,-26,9,-27,1,58,-23,-25,5,-30,-10,2,-25,-40,16,-21,-1,90,-16,-39,14,-18,0,130,-14,-40,14,-24,-2,54,-21,-40,16,-25,-6,65,-20,-39,16,-22,2,192,-7,-21,6
0.981724093,-24,1,113,-19,-42,16,-32,-5,26,-25,-42,19,-29,10,69,-17,-26,9,-27,1,58,-23,-25,5,-30,-10,2,-25,-40,16,-21,-1,90,-16,-39,14,-18,0,130,-14,-40,14,-24,-2,54,-21,-40,16,-25,-6,65,-20,-39,16,-22,2,192,-7,-21,6,-20,-3,135,-19,-21,5
0.975149635,-32,-5,26,-25,-42,19,-29,10,69,-17,-26,9,-27,1,58,-23,-25,5,-30,-10,2,-25,-40,16,-21,-1,90,-16,-39,14,-18,0,130,-14,-40,14,-24,-2,54,-21,-40,16,-25,-6,65,-20,-39,16,-22,2,192,-7,-21,6,-20,-3,135,-19,-21,5,-21,-8,4,-25,-37,15
0.96012149,-29,10,69,-17,-26,9,-27,1,58,-23,-25,5,-30,-10,2,-25,-40,16,-21,-1,90,-16,-39,14,-18,0,130,-14,-40,14,-24,-2,54,-21,-40,16,-25,-6,65,-20,-39,16,-22,2,192,-7,-21,6,-20,-3,135,-19,-21,5,-21,-8,4,-25,-37,15,-18,-3,34,-19,-38,14
0.943839508,-27,1,58,-23,-25,5,-30,-10,2,-25,-40,16,-21,-1,90,-16,-39,14,-18,0,130,-14,-40,14,-24,-2,54,-21,-40,16,-25,-6,65,-20,-39,16,-22,2,192,-7,-21,6,-20,-3,135,-19,-21,5,-21,-8,4,-25,-37,15,-18,-3,34,-19,-38,14,-14,2,69,-13,-38,13
0.930566441,-30,-10,2,-25,-40,16,-21,-1,90,-16,-39,14,-18,0,130,-14,-40,14,-24,-2,54,-21,-40,16,-25,-6,65,-20,-39,16,-22,2,192,-7,-21,6,-20,-3,135,-19,-21,5,-21,-8,4,-25,-37,15,-18,-3,34,-19,-38,14,-14,2,69,-13,-38,13,-12,3,84,-13,-38,13
0.919793758,-21,-1,90,-16,-39,14,-18,0,130,-14,-40,14,-24,-2,54,-21,-40,16,-25,-6,65,-20,-39,16,-22,2,192,-7,-21,6,-20,-3,135,-19,-21,5,-21,-8,4,-25,-37,15,-18,-3,34,-19,-38,14,-14,2,69,-13,-38,13,-12,3,84,-13,-38,13,-16,1,125,-11,-38,13
0.914275157,-18,0,130,-14,-40,14,-24,-2,54,-21,-40,16,-25,-6,65,-20,-39,16,-22,2,192,-7,-21,6,-20,-3,135,-19,-21,5,-21,-8,4,-25,-37,15,-18,-3,34,-19,-38,14,-14,2,69,-13,-38,13,-12,3,84,-13,-38,13,-16,1,125,-11,-38,13,-18,6,226,-1,-18,3
0.91023381,-24,-2,54,-21,-40,16,-25,-6,65,-20,-39,16,-22,2,192,-7,-21,6,-20,-3,135,-19,-21,5,-21,-8,4,-25,-37,15,-18,-3,34,-19,-38,14,-14,2,69,-13,-38,13,-12,3,84,-13,-38,13,-16,1,125,-11,-38,13,-18,6,226,-1,-18,3,-10,9,253,-11,-22,1
0.904648178,-25,-6,65,-20,-39,16,-22,2,192,-7,-21,6,-20,-3,135,-19,-21,5,-21,-8,4,-25,-37,15,-18,-3,34,-19,-38,14,-14,2,69,-13,-38,13,-12,3,84,-13,-38,13,-16,1,125,-11,-38,13,-18,6,226,-1,-18,3,-10,9,253,-11,-22,1,-19,-1,176,-27,-73,19
0.893082423,-22,2,192,-7,-21,6,-20,-3,135,-19,-21,5,-21,-8,4,-25,-37,15,-18,-3,34,-19,-38,14,-14,2,69,-13,-38,13,-12,3,84,-13,-38,13,-16,1,125,-11,-38,13,-18,6,226,-1,-18,3,-10,9,253,-11,-22,1,-19,-1,176,-27,-73,19,-8,3,136,-11,-36,11
0.882656957,-20,-3,135,-19,-21,5,-21,-8,4,-25,-37,15,-18,-3,34,-19,-38,14,-14,2,69,-13,-38,13,-12,3,84,-13,-38,13,-16,1,125,-11,-38,13,-18,6,226,-1,-18,3,-10,9,253,-11,-22,1,-19,-1,176,-27,-73,19,-8,3,136,-11,-36,11,-6,3,138,-8,-35,11
0.879409583,-21,-8,4,-25,-37,15,-18,-3,34,-19,-38,14,-14,2,69,-13,-38,13,-12,3,84,-13,-38,13,-16,1,125,-11,-38,13,-18,6,226,-1,-18,3,-10,9,253,-11,-22,1,-19,-1,176,-27,-73,19,-8,3,136,-11,-36,11,-6,3,138,-8,-35,11,-7,5,111,-11,-35,12
0.883438387,-18,-3,34,-19,-38,14,-14,2,69,-13,-38,13,-12,3,84,-13,-38,13,-16,1,125,-11,-38,13,-18,6,226,-1,-18,3,-10,9,253,-11,-22,1,-19,-1,176,-27,-73,19,-8,3,136,-11,-36,11,-6,3,138,-8,-35,11,-7,5,111,-11,-35,12,-16,-4,93,-12,-34,13
0.893721585,-14,2,69,-13,-38,13,-12,3,84,-13,-38,13,-16,1,125,-11,-38,13,-18,6,226,-1,-18,3,-10,9,253,-11,-22,1,-19,-1,176,-27,-73,19,-8,3,136,-11,-36,11,-6,3,138,-8,-35,11,-7,5,111,-11,-35,12,-16,-4,93,-12,-34,13,-13,5,230,5,-9,3
0.910762182,-12,3,84,-13,-38,13,-16,1,125,-11,-38,13,-18,6,226,-1,-18,3,-10,9,253,-11,-22,1,-19,-1,176,-27,-73,19,-8,3,136,-11,-36,11,-6,3,138,-8,-35,11,-7,5,111,-11,-35,12,-16,-4,93,-12,-34,13,-13,5,230,5,-9,3,-8,4,210,-4,-11,2
0.926022749,-16,1,125,-11,-38,13,-18,6,226,-1,-18,3,-10,9,253,-11,-22,1,-19,-1,176,-27,-73,19,-8,3,136,-11,-36,11,-6,3,138,-8,-35,11,-7,5,111,-11,-35,12,-16,-4,93,-12,-34,13,-13,5,230,5,-9,3,-8,4,210,-4,-11,2,-3,4,125,-7,-33,9
0.938042168,-18,6,226,-1,-18,3,-10,9,253,-11,-22,1,-19,-1,176,-27,-73,19,-8,3,136,-11,-36,11,-6,3,138,-8,-35,11,-7,5,111,-11,-35,12,-16,-4,93,-12,-34,13,-13,5,230,5,-9,3,-8,4,210,-4,-11,2,-3,4,125,-7,-33,9,-4,7,154,-6,-33,9
0.942366154,-10,9,253,-11,-22,1,-19,-1,176,-27,-73,19,-8,3,136,-11,-36,11,-6,3,138,-8,-35,11,-7,5,111,-11,-35,12,-16,-4,93,-12,-34,13,-13,5,230,5,-9,3,-8,4,210,-4,-11,2,-3,4,125,-7,-33,9,-4,7,154,-6,-33,9,-3,9,130,-9,-33,10
0.949629256,-19,-1,176,-27,-73,19,-8,3,136,-11,-36,11,-6,3,138,-8,-35,11,-7,5,111,-11,-35,12,-16,-4,93,-12,-34,13,-13,5,230,5,-9,3,-8,4,210,-4,-11,2,-3,4,125,-7,-33,9,-4,7,154,-6,-33,9,-3,9,130,-9,-33,10,-7,6,100,-11,-33,11
0.962818972,-8,3,136,-11,-36,11,-6,3,138,-8,-35,11,-7,5,111,-11,-35,12,-16,-4,93,-12,-34,13,-13,5,230,5,-9,3,-8,4,210,-4,-11,2,-3,4,125,-7,-33,9,-4,7,154,-6,-33,9,-3,9,130,-9,-33,10,-7,6,100,-11,-33,11,-11,3,179,-7,-33,10
0.983859443,-6,3,138,-8,-35,11,-7,5,111,-11,-35,12,-16,-4,93,-12,-34,13,-13,5,230,5,-9,3,-8,4,210,-4,-11,2,-3,4,125,-7,-33,9,-4,7,154,-6,-33,9,-3,9,130,-9,-33,10,-7,6,100,-11,-33,11,-11,3,179,-7,-33,10,-12,8,270,4,-11,1
1.019674567,-7,5,111,-11,-35,12,-16,-4,93,-12,-34,13,-13,5,230,5,-9,3,-8,4,210,-4,-11,2,-3,4,125,-7,-33,9,-4,7,154,-6,-33,9,-3,9,130,-9,-33,10,-7,6,100,-11,-33,11,-11,3,179,-7,-33,10,-12,8,270,4,-11,1,-5,6,271,-2,-12,0
1.057471797,-16,-4,93,-12,-34,13,-13,5,230,5,-9,3,-8,4,210,-4,-11,2,-3,4,125,-7,-33,9,-4,7,154,-6,-33,9,-3,9,130,-9,-33,10,-7,6,100,-11,-33,11,-11,3,179,-7,-33,10,-12,8,270,4,-11,1,-5,6,271,-2,-12,0,-3,5,147,-7,-32,9
1.09133971,-13,5,230,5,-9,3,-8,4,210,-4,-11,2,-3,4,125,-7,-33,9,-4,7,154,-6,-33,9,-3,9,130,-9,-33,10,-7,6,100,-11,-33,11,-11,3,179,-7,-33,10,-12,8,270,4,-11,1,-5,6,271,-2,-12,0,-3,5,147,-7,-32,9,-4,4,147,-7,-32,9
1.117242185,-8,4,210,-4,-11,2,-3,4,125,-7,-33,9,-4,7,154,-6,-33,9,-3,9,130,-9,-33,10,-7,6,100,-11,-33,11,-11,3,179,-7,-33,10,-12,8,270,4,-11,1,-5,6,271,-2,-12,0,-3,5,147,-7,-32,9,-4,4,147,-7,-32,9,-5,3,103,-10,-33,10
1.141207625,-3,4,125,-7,-33,9,-4,7,154,-6,-33,9,-3,9,130,-9,-33,10,-7,6,100,-11,-33,11,-11,3,179,-7,-33,10,-12,8,270,4,-11,1,-5,6,271,-2,-12,0,-3,5,147,-7,-32,9,-4,4,147,-7,-32,9,-5,3,103,-10,-33,10,-1,8,188,-5,-32,8
1.178328381,-4,7,154,-6,-33,9,-3,9,130,-9,-33,10,-7,6,100,-11,-33,11,-11,3,179,-7,-33,10,-12,8,270,4,-11,1,-5,6,271,-2,-12,0,-3,5,147,-7,-32,9,-4,4,147,-7,-32,9,-5,3,103,-10,-33,10,-1,8,188,-5,-32,8,-8,2,227,-1,-32,8
1.210161788,-3,9,130,-9,-33,10,-7,6,100,-11,-33,11,-11,3,179,-7,-33,10,-12,8,270,4,-11,1,-5,6,271,-2,-12,0,-3,5,147,-7,-32,9,-4,4,147,-7,-32,9,-5,3,103,-10,-33,10,-1,8,188,-5,-32,8,-8,2,227,-1,-32,8,-10,5,254,5,-9,1
1.236398002,-7,6,100,-11,-33,11,-11,3,179,-7,-33,10,-12,8,270,4,-11,1,-5,6,271,-2,-12,0,-3,5,147,-7,-32,9,-4,4,147,-7,-32,9,-5,3,103,-10,-33,10,-1,8,188,-5,-32,8,-8,2,227,-1,-32,8,-10,5,254,5,-9,1,-4,3,257,1,-10,0
1.253776417,-11,3,179,-7,-33,10,-12,8,270,4,-11,1,-5,6,271,-2,-12,0,-3,5,147,-7,-32,9,-4,4,147,-7,-32,9,-5,3,103,-10,-33,10,-1,8,188,-5,-32,8,-8,2,227,-1,-32,8,-10,5,254,5,-9,1,-4,3,257,1,-10,0,-3,2,148,-5,-32,8
1.266594692,-12,8,270,4,-11,1,-5,6,271,-2,-12,0,-3,5,147,-7,-32,9,-4,4,147,-7,-32,9,-5,3,103,-10,-33,10,-1,8,188,-5,-32,8,-8,2,227,-1,-32,8,-10,5,254,5,-9,1,-4,3,257,1,-10,0,-3,2,148,-5,-32,8,-1,6,196,-3,-31,8
1.272900026,-5,6,271,-2,-12,0,-3,5,147,-7,-32,9,-4,4,147,-7,-32,9,-5,3,103,-10,-33,10,-1,8,188,-5,-32,8,-8,2,227,-1,-32,8,-10,5,254,5,-9,1,-4,3,257,1,-10,0,-3,2,148,-5,-32,8,-1,6,196,-3,-31,8,0,7,190,-3,-32,8
1.28124666,-3,5,147,-7,-32,9,-4,4,147,-7,-32,9,-5,3,103,-10,-33,10,-1,8,188,-5,-32,8,-8,2,227,-1,-32,8,-10,5,254,5,-9,1,-4,3,257,1,-10,0,-3,2,148,-5,-32,8,-1,6,196,-3,-31,8,0,7,190,-3,-32,8,-2,8,156,-4,-33,8
1.293066618,-4,4,147,-7,-32,9,-5,3,103,-10,-33,10,-1,8,188,-5,-32,8,-8,2,227,-1,-32,8,-10,5,254,5,-9,1,-4,3,257,1,-10,0,-3,2,148,-5,-32,8,-1,6,196,-3,-31,8,0,7,190,-3,-32,8,-2,8,156,-4,-33,8,-8,5,222,2,-33,6
1.296197769,-5,3,103,-10,-33,10,-1,8,188,-5,-32,8,-8,2,227,-1,-32,8,-10,5,254,5,-9,1,-4,3,257,1,-10,0,-3,2,148,-5,-32,8,-1,6,196,-3,-31,8,0,7,190,-3,-32,8,-2,8,156,-4,-33,8,-8,5,222,2,-33,6,-10,12,298,12,-8,0
1.283525413,-1,8,188,-5,-32,8,-8,2,227,-1,-32,8,-10,5,254,5,-9,1,-4,3,257,1,-10,0,-3,2,148,-5,-32,8,-1,6,196,-3,-31,8,0,7,190,-3,-32,8,-2,8,156,-4,-33,8,-8,5,222,2,-33,6,-10,12,298,12,-8,0,-6,8,207,2,-9,-1
1.264990576,-8,2,227,-1,-32,8,-10,5,254,5,-9,1,-4,3,257,1,-10,0,-3,2,148,-5,-32,8,-1,6,196,-3,-31,8,0,7,190,-3,-32,8,-2,8,156,-4,-33,8,-8,5,222,2,-33,6,-10,12,298,12,-8,0,-6,8,207,2,-9,-1,-6,0,106,-7,-34,9
1.244889285,-10,5,254,5,-9,1,-4,3,257,1,-10,0,-3,2,148,-5,-32,8,-1,6,196,-3,-31,8,0,7,190,-3,-32,8,-2,8,156,-4,-33,8,-8,5,222,2,-33,6,-10,12,298,12,-8,0,-6,8,207,2,-9,-1,-6,0,106,-7,-34,9,-4,2,122,-5,-34,9
1.225203091,-4,3,257,1,-10,0,-3,2,148,-5,-32,8,-1,6,196,-3,-31,8,0,7,190,-3,-32,8,-2,8,156,-4,-33,8,-8,5,222,2,-33,6,-10,12,298,12,-8,0,-6,8,207,2,-9,-1,-6,0,106,-7,-34,9,-4,2,122,-5,-34,9,-1,4,182,-1,-32,8
1.215389762,-3,2,148,-5,-32,8,-1,6,196,-3,-31,8,0,7,190,-3,-32,8,-2,8,156,-4,-33,8,-8,5,222,2,-33,6,-10,12,298,12,-8,0,-6,8,207,2,-9,-1,-6,0,106,-7,-34,9,-4,2,122,-5,-34,9,-1,4,182,-1,-32,8,-2,7,185,-1,-32,8
1.211388813,-1,6,196,-3,-31,8,0,7,190,-3,-32,8,-2,8,156,-4,-33,8,-8,5,222,2,-33,6,-10,12,298,12,-8,0,-6,8,207,2,-9,-1,-6,0,106,-7,-34,9,-4,2,122,-5,-34,9,-1,4,182,-1,-32,8,-2,7,185,-1,-32,8,-10,0,204,1,-32,8
1.207378644,0,7,190,-3,-32,8,-2,8,156,-4,-33,8,-8,5,222,2,-33,6,-10,12,298,12,-8,0,-6,8,207,2,-9,-1,-6,0,106,-7,-34,9,-4,2,122,-5,-34,9,-1,4,182,-1,-32,8,-2,7,185,-1,-32,8,-10,0,204,1,-32,8,-12,2,190,9,-10,2
1.194352228,-2,8,156,-4,-33,8,-8,5,222,2,-33,6,-10,12,298,12,-8,0,-6,8,207,2,-9,-1,-6,0,106,-7,-34,9,-4,2,122,-5,-34,9,-1,4,182,-1,-32,8,-2,7,185,-1,-32,8,-10,0,204,1,-32,8,-12,2,190,9,-10,2,-6,2,248,7,-8,0
1.174198297,-8,5,222,2,-33,6,-10,12,298,12,-8,0,-6,8,207,2,-9,-1,-6,0,106,-7,-34,9,-4,2,122,-5,-34,9,-1,4,182,-1,-32,8,-2,7,185,-1,-32,8,-10,0,204,1,-32,8,-12,2,190,9,-10,2,-6,2,248,7,-8,0,-2,3,155,-2,-32,8
1.153286765,-10,12,298,12,-8,0,-6,8,207,2,-9,-1,-6,0,106,-7,-34,9,-4,2,122,-5,-34,9,-1,4,182,-1,-32,8,-2,7,185,-1,-32,8,-10,0,204,1,-32,8,-12,2,190,9,-10,2,-6,2,248,7,-8,0,-2,3,155,-2,-32,8,1,7,176,0,-33,8
1.140607625,-6,8,207,2,-9,-1,-6,0,106,-7,-34,9,-4,2,122,-5,-34,9,-1,4,182,-1,-32,8,-2,7,185,-1,-32,8,-10,0,204,1,-32,8,-12,2,190,9,-10,2,-6,2,248,7,-8,0,-2,3,155,-2,-32,8,1,7,176,0,-33,8,6,13,190,4,-34,7
1.139534937,-6,0,106,-7,-34,9,-4,2,122,-5,-34,9,-1,4,182,-1,-32,8,-2,7,185,-1,-32,8,-10,0,204,1,-32,8,-12,2,190,9,-10,2,-6,2,248,7,-8,0,-2,3,155,-2,-32,8,1,7,176,0,-33,8,6,13,190,4,-34,7,9,21,212,6,-37,7
1.142024678,-4,2,122,-5,-34,9,-1,4,182,-1,-32,8,-2,7,185,-1,-32,8,-10,0,204,1,-32,8,-12,2,190,9,-10,2,-6,2,248,7,-8,0,-2,3,155,-2,-32,8,1,7,176,0,-33,8,6,13,190,4,-34,7,9,21,212,6,-37,7,-3,17,274,-2,-58,12
1.148256802,-1,4,182,-1,-32,8,-2,7,185,-1,-32,8,-10,0,204,1,-32,8,-12,2,190,9,-10,2,-6,2,248,7,-8,0,-2,3,155,-2,-32,8,1,7,176,0,-33,8,6,13,190,4,-34,7,9,21,212,6,-37,7,-3,17,274,-2,-58,12,-35,0,271,-4,-30,1
1.14742252,-2,7,185,-1,-32,8,-10,0,204,1,-32,8,-12,2,190,9,-10,2,-6,2,248,7,-8,0,-2,3,155,-2,-32,8,1,7,176,0,-33,8,6,13,190,4,-34,7,9,21,212,6,-37,7,-3,17,274,-2,-58,12,-35,0,271,-4,-30,1,-13,-5,226,3,-16,0
1.137621378,-10,0,204,1,-32,8,-12,2,190,9,-10,2,-6,2,248,7,-8,0,-2,3,155,-2,-32,8,1,7,176,0,-33,8,6,13,190,4,-34,7,9,21,212,6,-37,7,-3,17,274,-2,-58,12,-35,0,271,-4,-30,1,-13,-5,226,3,-16,0,-2,3,137,-1,-37,9
1.121749781,-12,2,190,9,-10,2,-6,2,248,7,-8,0,-2,3,155,-2,-32,8,1,7,176,0,-33,8,6,13,190,4,-34,7,9,21,212,6,-37,7,-3,17,274,-2,-58,12,-35,0,271,-4,-30,1,-13,-5,226,3,-16,0,-2,3,137,-1,-37,9,-3,3,141,-2,-35,9
1.104715177,-6,2,248,7,-8,0,-2,3,155,-2,-32,8,1,7,176,0,-33,8,6,13,190,4,-34,7,9,21,212,6,-37,7,-3,17,274,-2,-58,12,-35,0,271,-4,-30,1,-13,-5,226,3,-16,0,-2,3,137,-1,-37,9,-3,3,141,-2,-35,9,-1,5,153,-2,-34,8
1.0922917,-2,3,155,-2,-32,8,1,7,176,0,-33,8,6,13,190,4,-34,7,9,21,212,6,-37,7,-3,17,274,-2,-58,12,-35,0,271,-4,-30,1,-13,-5,226,3,-16,0,-2,3,137,-1,-37,9,-3,3,141,-2,-35,9,-1,5,153,-2,-34,8,-4,6,149,-4,-34,9
1.087363796,1,7,176,0,-33,8,6,13,190,4,-34,7,9,21,212,6,-37,7,-3,17,274,-2,-58,12,-35,0,271,-4,-30,1,-13,-5,226,3,-16,0,-2,3,137,-1,-37,9,-3,3,141,-2,-35,9,-1,5,153,-2,-34,8,-4,6,149,-4,-34,9,-11,-1,153,-4,-34,9
1.084164784,6,13,190,4,-34,7,9,21,212,6,-37,7,-3,17,274,-2,-58,12,-35,0,271,-4,-30,1,-13,-5,226,3,-16,0,-2,3,137,-1,-37,9,-3,3,141,-2,-35,9,-1,5,153,-2,-34,8,-4,6,149,-4,-34,9,-11,-1,153,-4,-34,9,-12,3,249,7,-10,1
1.071343451,9,21,212,6,-37,7,-3,17,274,-2,-58,12,-35,0,271,-4,-30,1,-13,-5,226,3,-16,0,-2,3,137,-1,-37,9,-3,3,141,-2,-35,9,-1,5,153,-2,-34,8,-4,6,149,-4,-34,9,-11,-1,153,-4,-34,9,-12,3,249,7,-10,1,-8,1,224,2,-11,1
1.050673227,-3,17,274,-2,-58,12,-35,0,271,-4,-30,1,-13,-5,226,3,-16,0,-2,3,137,-1,-37,9,-3,3,141,-2,-35,9,-1,5,153,-2,-34,8,-4,6,149,-4,-34,9,-11,-1,153,-4,-34,9,-12,3,249,7,-10,1,-8,1,224,2,-11,1,-3,2,164,-5,-33,8
1.024499882,-35,0,271,-4,-30,1,-13,-5,226,3,-16,0,-2,3,137,-1,-37,9,-3,3,141,-2,-35,9,-1,5,153,-2,-34,8,-4,6,149,-4,-34,9,-11,-1,153,-4,-34,9,-12,3,249,7,-10,1,-8,1,224,2,-11,1,-3,2,164,-5,-33,8,-2,4,194,-4,-33,8
1.001950462,-13,-5,226,3,-16,0,-2,3,137,-1,-37,9,-3,3,141,-2,-35,9,-1,5,153,-2,-34,8,-4,6,149,-4,-34,9,-11,-1,153,-4,-34,9,-12,3,249,7,-10,1,-8,1,224,2,-11,1,-3,2,164,-5,-33,8,-2,4,194,-4,-33,8,-1,5,175,-5,-33,8
0.981862743,-2,3,137,-1,-37,9,-3,3,141,-2,-35,9,-1,5,153,-2,-34,8,-4,6,149,-4,-34,9,-11,-1,153,-4,-34,9,-12,3,249,7,-10,1,-8,1,224,2,-11,1,-3,2,164,-5,-33,8,-2,4,194,-4,-33,8,-1,5,175,-5,-33,8,-5,6,139,-7,-33,9
0.967084111,-3,3,141,-2,-35,9,-1,5,153,-2,-34,8,-4,6,149,-4,-34,9,-11,-1,153,-4,-34,9,-12,3,249,7,-10,1,-8,1,224,2,-11,1,-3,2,164,-5,-33,8,-2,4,194,-4,-33,8,-1,5,175,-5,-33,8,-5,6,139,-7,-33,9,-11,1,217,-3,-33,8
0.957885155,-1,5,153,-2,-34,8,-4,6,149,-4,-34,9,-11,-1,153,-4,-34,9,-12,3,249,7,-10,1,-8,1,224,2,-11,1,-3,2,164,-5,-33,8,-2,4,194,-4,-33,8,-1,5,175,-5,-33,8,-5,6,139,-7,-33,9,-11,1,217,-3,-33,8,-15,2,264,5,-10,1
0.948349788,-4,6,149,-4,-34,9,-11,-1,153,-4,-34,9,-12,3,249,7,-10,1,-8,1,224,2,-11,1,-3,2,164,-5,-33,8,-2,4,194,-4,-33,8,-1,5,175,-5,-33,8,-5,6,139,-7,-33,9,-11,1,217,-3,-33,8,-15,2,264,5,-10,1,-11,-2,176,-2,-13,1
0.939605759,-11,-1,153,-4,-34,9,-12,3,249,7,-10,1,-8,1,224,2,-11,1,-3,2,164,-5,-33,8,-2,4,194,-4,-33,8,-1,5,175,-5,-33,8,-5,6,139,-7,-33,9,-11,1,217,-3,-33,8,-15,2,264,5,-10,1,-11,-2,176,-2,-13,1,-5,2,142,-6,-34,8
0.927101274,-12,3,249,7,-10,1,-8,1,224,2,-11,1,-3,2,164,-5,-33,8,-2,4,194,-4,-33,8,-1,5,175,-5,-33,8,-5,6,139,-7,-33,9,-11,1,217,-3,-33,8,-15,2,264,5,-10,1,-11,-2,176,-2,-13,1,-5,2,142,-6,-34,8,-5,2,160,-6,-34,8
0.916412396,-8,1,224,2,-11,1,-3,2,164,-5,-33,8,-2,4,194,-4,-33,8,-1,5,175,-5,-33,8,-5,6,139,-7,-33,9,-11,1,217,-3,-33,8,-15,2,264,5,-10,1,-11,-2,176,-2,-13,1,-5,2,142,-6,-34,8,-5,2,160,-6,-34,8,-5,1,115,-9,-33,9
0.911517709,-3,2,164,-5,-33,8,-2,4,194,-4,-33,8,-1,5,175,-5,-33,8,-5,6,139,-7,-33,9,-11,1,217,-3,-33,8,-15,2,264,5,-10,1,-11,-2,176,-2,-13,1,-5,2,142,-6,-34,8,-5,2,160,-6,-34,8,-5,1,115,-9,-33,9,-6,2,127,-8,-33,9
0.911577894,-2,4,194,-4,-33,8,-1,5,175,-5,-33,8,-5,6,139,-7,-33,9,-11,1,217,-3,-33,8,-15,2,264,5,-10,1,-11,-2,176,-2,-13,1,-5,2,142,-6,-34,8,-5,2,160,-6,-34,8,-5,1,115,-9,-33,9,-6,2,127,-8,-33,9,-11,-1,216,-2,-33,8
0.916631627,-1,5,175,-5,-33,8,-5,6,139,-7,-33,9,-11,1,217,-3,-33,8,-15,2,264,5,-10,1,-11,-2,176,-2,-13,1,-5,2,142,-6,-34,8,-5,2,160,-6,-34,8,-5,1,115,-9,-33,9,-6,2,127,-8,-33,9,-11,-1,216,-2,-33,8,-14,2,285,6,-10,1